id,date,genre,lyric
0,2018.01.25,Rap / Hip-hop,사랑을 했다 우리가 만나 지우지 못할 추억이 됐다 볼만한 멜로드라마 괜찮은 결말 그거면 됐다 널 사랑했다 우리가 만든 LOVE SCENARIO 이젠 조명이 꺼지고 마지막 페이지를 넘기면 조용히 막을 내리죠 에이 괜찮지만은 않아 이별을 마주한다는 건 오늘이었던 우리의 어제에 더는 내일이 없다는 건 아프긴 해도 더 끌었음 상처가 덧나니까 Ye 널 사랑했고 사랑 받았으니 난 이걸로 됐어 나 살아가면서 가끔씩 떠오를 기억 그 안에 네가 있다면 그거면 충분해 사랑을 했다 우리가 만나 지우지 못할 추억이 됐다 볼만한 멜로드라마 괜찮은 결말 그거면 됐다 널 사랑했다 우리가 만든 LOVE SCENARIO 이젠 조명이 꺼지고 마지막 페이지를 넘기면 조용히 막을 내리죠 갈비뼈 사이사이가 찌릿찌릿한 느낌 나 사랑받고 있음을 알게 해주는 눈빛 너에게 참 많이도 배웠다 반쪽을 채웠다 과거로 두기엔 너무 소중한 사람이었다 나 살아가면서 가끔씩 떠오를 기억 그 안에 네가 있다면 그거면 충분해 사랑을 했다 우리가 만나 지우지 못할 추억이 됐다 볼만한 멜로드라마 괜찮은 결말 그거면 됐다 널 사랑했다 네가 벌써 그립지만 그리워하지 않으려 해 한 편의 영화 따스했던 봄으로 너를 기억할게 우리가 만든 LOVE SCENARIO 이젠 조명이 꺼지고 마지막 페이지를 넘기면 조용히 막을 내리죠 우린 아파도 해봤고 우습게 질투도 했어 미친 듯이 사랑했고우리 이 정도면 됐어사랑을 했다우리가 만나그거면 됐다널 사랑했다
1,2017.11.28,Ballad,참 많은 시간이 흘러가고넌 어떻게 사는지 참 궁금해날 걱정하는 사람들에게다 잊었단 거짓말하는 내가 참 미운 날아름다운 이별은 세상에 없다지만그때 내가 조금 더 너를 편하게 보내줬다면다른 사람 또 만나 행복할 니가 가끔은내 생각할 때에 지을 표정이 참 궁금해날 보는 네 눈이 좋아서 얼굴 붉히며 딴청 피던 아름답던 그날처럼 좋은 사람 만나 사랑 받고 너도 이젠 웃을 수 있길찬란했던 우리 그날처럼비어있는 지갑에 음식점을 서성이면월급날이라며 손잡아 이끌어주던만 원짜리 커플링 고맙다며 펑펑 울던과분한 네 사랑 받을 사람 참 부러워날 보는 네 눈이 좋아서 얼굴 붉히며 딴청 피던 아름답던 그날처럼 좋은 사람 만나 사랑 받고 너도 이젠 웃을 수 있길찬란했던 우리 그날처럼문득 들려오는 너의 소식에가끔씩은 혼자 울 수 있길끝까지 이기적인 내가이젠 나 없이도 괜찮다 너에게 듣고 싶던 말좋은 사람 만나 미안해 다시 돌아갈 순 없지만아름답던 우리 그날
2,2018.01.18,Dance,내 몸이 확머리가 휙돌아가 어때지금 기분이우리는 마치자석 같아서로를 안고또 밀쳐내니까너는 날 미치게 하고정신 못 차리게 해그래 알겠지 넌 참날 기가 막히게 해너는 날 춤추게 하고술 없이 취하게 해그래 알겠지 넌 참착한 날 독하게 해우리 둘만의이 영화에진짜 주인공은 너였어 baby그래 넌 오늘도 너답게화려한 주인공처럼그저 하던 대로 해그게 악역이라도나를 슬프게 해도넌 너여야만 해내가 아플지라도슬픈 엔딩이라도the show must go onthe show must go on너는 늘 끝장을 보고모든 걸 덮으려 해왜 날개를 달아주고추락하자 해너는 늘 착하지 라며날 눈물 삼키게 하잖아그래 알겠지 알겠지넌 날 혹하게 해우리 둘만의이 드라마에진짜 주인공은 너였어 baby그래 넌 오늘도 너답게화려한 주인공처럼그저 하던 대로 해그게 악역이라도나를 슬프게 해도넌 너여야만 해내가 아플지라도슬픈 엔딩이라도the show must go onthe show must go on그저 하던 대로 해그게 악역이라도나를 슬프게 해도넌 너여야만 해내가 아플지라도슬픈 엔딩이라도the show must go onthe show must go onyou must go on
3,2018.01.10,Folk,어릴 때 넌 키도 작고빼빼 말랐지 기억나난 knock 그런 니가괜히 맘에 들어두드려보지만 yeah짓궂게 놀려주는 게나름 나의 맘이었는데Why- Don't you know그런 채로 졸업식But these days너의 소식이 어디서 타고 오는 건지훌쩍 커버린 너는 왜 땜에 멋진 건지내 timeline에 나타나는너의 시간이내 시간을 다 훔쳐가 yeahOh winter night when I meet you나 너를 만나면그 어릴 때 뭐 모를 때사실 널 좋아했다고말해줄 거야 괜히 널 보면못되게 굴었었다고말해줄 거야너도 그 날로 돌아가 솔직 해줄래어릴 때 넌 숫기 없고조용했었지 기억나근데 어쩜 하는 말마다왜 그렇게 예쁘게 하는데이제는 놀릴 수 없이커져버린 너의 어깨가날 설레게 해 따뜻할 것 같아Oh winter night when I meet you나 너를 만나면그 어릴 때 뭐 모를 때사실 널 좋아했다고말해줄 거야 괜히 널 보면못되게 굴었었다고말해줄 거야너도 그 날로 돌아가 솔직 해줄래널 좋아했던 그때가 그리운 걸까아님 지금도 떨리는 걸까yeah너가 걸어오고 있어몸이 얼어붙어 아무 말도 못 하겠어Oh winter night when I meet you흰 눈이 내리면난 아직도 널 보는 게사실 두근거린다고말해줄 거야 이제널 보면 예쁘게 웃어준다고말해줄 거야 너도그 날로 돌아가 솔직 해줄래
4,2016.11.10,Rock,매일매일이 잿빛이더라구팽이돌듯이 빙빙 돌더라구어른이 라는 따분한 벌레들이야금야금 꿈을 좀 먹더라구나는 자라 겨우내가 되겠지뿔이 자라난어른이 될테니억지로 라도웃어야지 하는데그럼에도 좀울적하더라구어제와 오늘의 온도가 너무 달라서비행운이 만들어졌네내가 머물기에여기는 너무 높아서한숨자국만 깊게 드러났네나는 자라 겨우내가 되겠지뿔이 자라난어른이 될 테니억지로 라도웃어야지 하는데그럼에도 좀울적 하더라구어제와 오늘의 온도가 너무 달라서비행운이 만들어졌네내가 머물기에여기는 너무 높아서한숨자국만 깊게 드러났네어제와 오늘의 온도가 너무 달라서비행운이 만들어졌네내가 머물기에여기는 너무 높아서한숨자국만 깊게 드러났네꼬마가 간직했던꿈은 무엇일까오래된 일기장을 꺼내봤네1996년 7월 20일에우주 비행사라고 적어놨네
5,2018.01.22,Ballad,네가 상처받지 않게 어떻게 말을 꺼낼까예쁜 말 적당한 핑계로 널 보내고 난 떠나려 했어일어선 나를 붙잡고 엉엉 울며 매달리기 전 까지 말야 다른 사람을 사랑하고 있어다 말하고 싶지 않았어넌 좋은 사람이니까허물어지는 모래성을 붙잡고더 애를 쓰려 하지 마너 아닌 다른 사람을 사랑하고 있어바란 것도 하나 없이 넌 항상 모든 걸 줬어행복한 내가 너의 행복이라며넌 언제나 나만 바라봤어그런데 너의 사랑이 점점 지쳐변명 하지 않고 다 말할게다른 사람을 사랑하고 있어다 말하고 싶지 않았어넌 좋은 사람이니까허물어지는 모래성을 붙잡고더 애를 쓰려 하지 마너 아닌 다른 사람을 걱정하다가도 까맣게 널 잊을 만큼진심으로 사랑하고 있어아름다웠던 사랑의 끝에서다 말하고 싶지 않았어네가 아플까 봐허물어지는 모래성을 붙잡고더 애를 쓰려 하지 마너 아닌 다른 사람을 사랑하고 있어
6,2018.01.12,Pop,HeyHavana ooh na na ayyHalf of my heart is in Havanaooh na na ayy ayyHe took me back to East Atlantana na naAll of my heart is in Havana ayyThere's somethin''bout his manners uh huhHavana ooh na na uhHe didn't walk upwith that how you doin' uhWhen he came in the roomHe said there’s a lot of girlsI can do with uhBut I can't without youI'm doin' foreverin a minute heyThat summer night in JuneAnd papa says he got maloin him uhHe got me feelin' likeOooh oooh oohI knew it when I met himI loved him when I left himGot me feelin' likeOooh oooh oohand then I had to tell himI had to go oh na na na na naHavana ooh na na ayy ayyHalf of my heart is in Havanaooh na na ayy ayyHe took me back to East Atlantana na na uh huhAll of my heart is in Havana ayyMy heart is in Havana ayyHavana ooh na naJefferyJust graduatedfresh on campus mmmFresh out East Atlantawith no manners damnFresh out East AtlantaBump on her bumperlike a traffic jam jamHey I was quick to paythat girl like Uncle Samhere you go ayyBack it on meshawty cravin' on meGet to diggin' on me on meShe waited on me then whatShawty cakin' on megot the bacon on me wait upThis is historyin the makin' on me on mePoint blank close range that beIf it cost a millionthat's me that's meI was gettin' mulaman they feel meHavana ooh na na ayy ayyHalf of my heart is in Havanaooh na na oh ayy ayyHe took me back to East Atlantana na na oh noAll of my heart is in Havana ayyMy heart is in Havana ayyHavana ooh na naOoh na na oh na na na oo oohTake me back back back likeOoh na na oh na na naTake me back back back likeOoh na na oh na na na yea yeahTake me back back back likeOoh na na oh na na naTake me back back backHey heyOooh oooh oohOooh oooh oohTake me back to my HavanaHavana ooh na naHalf of my heart is in Havanaooh na na oh yeahHe took me back to East Atlantana na na ayy ayyAll of my heart is in HavanaMy heart is in Havana ayyHavana ooh na naUh huhOh na na naoh na yeahOh na na naOh na na naNo no no take me backOh na na naHavana ooh na na
7,2017.12.26,R&amp;B; / Soul,내일이 올 걸 아는데난 핸드폰을 놓지 못해잠은 올 생각이 없대 yeah다시 인스타그램 인스타그램 하네잘 난 사람 많고 많지누군 어디를 놀러 갔다지좋아요는 안 눌렀어나만 이런 것 같아서저기 인스타그램 인스타그램 속엔문제야 문제온 세상 속에똑같은 사랑노래가와 닿지 못해나의 밤 속엔생각이 너무 많네복잡해틈만 나면 바뀌는 게 관둘래이 놈의 정보화 시대단단히 잘못 됐어요즘은 아는게 더괴로운 것 같은데가면 갈 수록너무 어려워나만 이런 건지클럽 말고 뭐영화 말고 뭐 없나 하다결국 동네내 맘에는 구멍이 있어그건 뭘로도 못 채우는 것 yeah난 지금 가라앉는 중 인걸네모난 바다 속에서문제야 문제온 세상 속에똑같은 사랑 노래가와 닿지 못해나의 밤 속엔생각이 너무 많네뚜루뚜 뚜루뚜all night그렇게 시간 낭비를 하네저 인스타그램 속에서Lonely lonely so lonely원래 이리도 힘든가요no way no way이 피드 속엔나완 다른 세상 뿐인데부질없이올려 놓은 사진뒤에 가려진 내 마음을아는 이 없네난 또 헤 메이네저 인스타그램 속에서그래 너는 요즘 어때잠 못 자는 건 여전해자른 단발이 참 예쁘던데좋아요는 안 눌렀어조금 웃긴것 같아서뚜루루뚜 뚜루루뚜뚜루루뚜all night그렇게 시간 낭비를 하네네 인스타그램 속에서
8,2017.07.10,Ballad,빛이 들어오면 자연스레 뜨던 눈그렇게 너의 눈빛을 보곤사랑에 눈을 떴어항상 알고 있던 것들도 어딘가새롭게 바뀐 것 같아남의 얘기 같던 설레는 일들이내게 일어나고 있어나에게만 준비된 선물 같아자그마한 모든 게 커져만 가항상 평범했던 일상도특별해지는 이 순간별생각 없이 지나치던 것들이이제는 마냥 내겐 예뻐 보이고내 맘을 설레게 해항상 어두웠던 것들도 어딘가빛나고 있는 것 같아남의 얘기 같던 설레는 일들이내게 일어나고 있어나에게만 준비된 선물 같아자그마한 모든 게 커져만 가항상 평범했던 일상도특별해지는 이 순간너를 알게 된 뒤 보이는모든 것들이 너무 예뻐 보여그렇게 신난 아이처럼순수한 사람이 된 것 같아나에게만 준비된 선물 같아자그마한 모든 게 커져만 가항상 평범했던 일상도특별해지는 이 순간깊은 사랑에 빠진 순간
9,2018.01.17,Dance,I remember very first time in love I remember oh oh I remember oh oh 너도 같은 기분일까 so I'm in love I remember oh oh I remember oh 어머 이래도 되는지 싶어 aha 그래 너 때문에 매일 즐거워 조금 서두르는 것 같아도 baby I need your love oh oh I need your love oh oh oh 심장이 훅 내려앉게 달콤해 가끔은 상처받을까 걱정돼 처음부터 모든 걸 알 순 없겠지 하지만 난 다 던져볼래 자꾸 아찔한 이 느낌 위험한 이 느낌 내 손을 꼭 잡아줘 I want you 흔들리지 않게 조금 더 뜨겁게 나를 꼭 더 안아줘 넌 롤러코스터 ooh ahh 롤러코스터 uh woh ahhI need your love ooh ahhbaby your love uh woh ahh빤히 바라볼 때 가슴이 떨려아닌 척 해봐도 뻔히 다 걸려내가 먼저 말하지 않아도이미 다 알아넌 내 맘과 같아 aha너무 빠른 건 아닐까 싶어 aha근데 너 때문에 매일 새로워조금 서툴러도 눈 감아줘 babyI need your love oh ohI need your love oh oh oh시간이 멈춘 것처럼 달콤해갑자기 날 떠날까 봐 걱정돼처음부터 모든 걸 알 순 없겠지하지만 난 다 던져볼래자꾸 아찔한 이 느낌위험한 이 느낌내 손을 꼭 잡아줘 I want you흔들리지 않게 조금 더 뜨겁게나를 꼭 더 안아줘넌 롤러코스터 ooh ahh롤러코스터 uh woh ahhI need your love ooh ahhBaby your love uh woh ahh어쩌다 찾아온 내 사랑I love you I love you모든 게 꿈이 아니기를I love you I love youLook넌 롤러코스터 ooh ahh넌 롤러코스터 baby롤러코스터 uh woh ahh롤러코스터 babyI need your love ooh ahhbaby I need you lovebaby your love uh woh ahh롤러코스터롤러코스터
10,2017.12.11,Dance,Yeah Yeah Yeah Yeah YeahCome and be my loveCome and be my love babyYeah Yeah Yeah Yeah YeahCome and be my loveCome and be my love baby멍하니 서서 막 고민고민 해나 이거 진짜 잘하는 짓인지Yeah Yeah Yeah Yeah뭐 어때No No No No미쳤어난 쯔위라고 해 무작정 인사할까내 전화번호야 쪽지를 주고 도망칠까Yeah Yeah Yeah Yeah어떡해No No No No지금이야Girl you can do it눈이 마주치고 있잖아Love is timing놓치면 후회할지 몰라Love is coming coming좀만 더 용기를 내더는 망설이지 마이상하게 생각해도어쩔 수 없어 반했으니까You're my heart shaker shaker놓치기 싫어You're my heart shaker shaker어떡해바보처럼 안 기다려네게 말할래 반해버렸다고네가 맘에 든다고하루 종일 보고 싶다고Would you be my love반해버렸으니까표정관리 해 어색하지 않게말투는 Cool Cool 긴장할 필요 없어Yeah Yeah Yeah Yeah정신 바짝 차리고 집중해No No No No어떡해 똑바로 못 보겠어지금이야Girl you can do it눈이 마주치고 있잖아Love is timing놓치면 후회할지 몰라Love is coming coming좀만 더 용기를 내더는 망설이지 마이상하게 생각해도어쩔 수 없어 반했으니까You're my heart shaker shaker놓치기 싫어You're my heart shaker shaker어떡해바보처럼 안 기다려내가 말할래 반해버렸다고 네가 맘에 든다고하루 종일 보고 싶다고Would you be my love반해버렸으니까너도 날 원하게 될 거야날 사랑하게 될 걸간절히 바라 너도 나와 같기를Oh Yeah망설이지 마 먼저 다가가사랑을 말해 주저 하지 마Come baby be my be mybe my loveCome baby Bae Bae Bae Bae이상하게 생각해도어쩔 수 없어 반했으니까You're my heart shaker shaker놓치기 싫어You're my heart shaker shaker어떡해바보처럼 안 기다려내가 말할래 좋아한다고 네가 맘에 든다고하루 종일 보고 싶다고사랑한다고반해버렸다고You are mine Be mineYou are mine Be mine좋아한다고 말할래반했으니까
11,2018.01.11,Ballad,너무 늦어버려서 미안나 알다시피 좀 많이 느려서몇 번이나 읽어도난 믿어지지 않았나 봐답을 알 수 없던 질문들다음날에 많이 웃겨줘야지난 그랬어지금 생각해 보면 그때넌 안간힘을 쓰고 있었는데널 알아주지 못하고더 실없이 굴던 내 모습얼마나 바보 같았을까내일 맛있는 거 먹자고 혹영화라도 볼까 말하던 내가나 그때로다시 돌아가 네 앞에 선다면하고 싶은 말 너무나 많지만그냥 먼저 널 꼭 안아 보면 안될까잠시만이라도나 그때로다시 돌아갈 기회가 된다면그때보다는 잘할 수 있을까뭔가 그럴듯한 말을 하고 싶은데나 아무래도 내일 쓸까 봐 또 미룰래너무 오래 걸려서 미안지금 보내더라도 어차피달라질 건 없다고넌 이미 모두 잊었다고읽지도 않을 수 있겠지설마 그럴 리가 없다고모른 척했던 시간이 넘 길었어나 그때로다시 돌아가 널 볼 수 있대도어쩌면 나는 그대로일지 몰라사실 아직도 그 답은 잘 모르겠어미안하단 말은 안 할래그렇게 되면 끝나버릴까 봐그러고 나면 똑같아질까 봐혹시 내일이면 알게 될 수 있을까오늘도 미루고 내일도 미루겠지만널 사랑해이것만으론 안 될지 몰라도이제 와서 다 소용없더라도이것밖에 난 하고픈 말이 없는데사랑해 너를
12,2018.01.03,Dance,설레어 너와 나의 랑데뷰 랑데뷰내 마음을 들었다 놨다 해 맘대루 맘대루지금 내 눈엔 눈엔 눈엔네 어깨 무릎 발 Oh숨이 탁 막힐 것 같아 난 너만 보면wow wow 정신을 또 놔 놔 네 매력에난 난 놀라게 돼 또 Hit it Hit it Hit it HO우우우 무슨 말이 필요해 넌 숨이 콱 막힐 것 같아 넌 자꾸만 봐 자꾸 와 이제 나만 보게 될 거야 너를 들었다 놓을 거야넌 점점 더 Fall in loveGive it to you My 눈눈눈눈눈눈 눈빛쏟아지는 My 터터터터터터 터치하나뿐인 My 럽럽럽럽럽 My Luver내 머리부터 뿜뿜 내 발끝까지 뿜뿜 뿜뿜 어Just feel it 뿜뿜네 앞에서 난 뿜뿜 네게 줄게 뿜뿜 뿜뿜 어지금 보고 있는 게 꿈은 아닐 걸 Wake Up Wake Up 땡땡이치고 날 만나게 될 걸 Take off Take off매력을 야 뿜어뿜어뿜어뿜어 보여줄게 Pic up the phoneNow or Never Pick up Pick upwow wow 정신없이 쿵 쿵 내 마음을 뿜 뿜 사정없이 또 Hit it Hit it Hit it HO우우우 여기서 뭘 어떻게 더낮이나 밤이나 빛이나 미쳤나봐떨리지 막 떨려와 이제 나만 생각 날 거야 밤에 잠도 잘 못 잘 거야 점점 더 Fall in loveGive it to you My 눈눈눈눈눈눈 눈빛쏟아지는 My 터터터터터터 터치하나뿐인 My 럽럽럽럽럽 My Luver내 머리부터 뿜뿜 내 발끝까지 뿜뿜 뿜뿜 어우 너만 보면 너만 보면 내 가슴이 뿜뿜뿜뿜뿜뿜뿜뿜 뿜우 자꾸 봐도 자꾸 봐도 내 가슴이 쿵쿵쿵쿵뿜뿜뿜뿜Give it to you My 눈눈눈눈눈눈 눈빛쏟아지는 My 터터터터터터 터치하나뿐인 My 럽럽럽럽럽 My Luver내 머리부터 뿜뿜 내 발끝까지 뿜뿜 뿜뿜 어Just feel it 뿜뿜네 앞에서 난 뿜뿜 네게 줄게 뿜뿜 뿜뿜 어
13,2017.09.29,R&amp;B; / Soul,오늘도 난 술을 마셔 우울하니까네가 또 생각나니까침대 위에 놓인 전활 꺼 둬야만 해내일 후회할 것 같아서찬 바람이 불어 오면왠지 술 한 잔이 생각나너도 옆에 있으면 좋겠어파도처럼 내게 밀려와나를 어지럽게 만드는네가 오늘따라 더 생각이 나오늘도 난 술을 마셔 밤이 되니까네가 또 생각나니까침대 위에 놓인 전활 꺼 둬야만 해내일 후회할 것 같아서나에게 읽어 주던 시너와 살던 집모든 게 다 생각이 나파란 지붕 밑 강이 보이는 곳한강 위에 비친 달빛이네가 있는 곳을 안다면그곳을 비춰준다면 좋겠어시간은 저녁을 지나 긴 새벽인데왜 자꾸 네가 생각나쓸쓸한 네 빈자리가 날 외롭게 해아직 많이 사랑하나 봐아직은 힘들 것 같아너의 번호를 지운단 건너를 모두 지우는 것 같아서오늘 밤은 너를 찾아가이 말을 전하고 싶어너를 정말 많이 사랑했다고오늘도 난 술을 마셔 비가 오니까네가 또 생각나니까침대 위에 놓인 전활 꺼 둬야만 해내일 후회할 것 같아서이 밤에 술을 한 잔 하는 건모두 그렇지만 나 결국 너를 잊을 걸알면서도 헤어지려는마음이 이렇게 슬프기때문일까 내 탓일까지금은 너도 혹시내 생각 하다 잠 못 들지 않는지너무나 보고 싶어 1분이라도네가 또 보고 싶어보고 싶어
14,2017.12.26,Ballad,마음과 반대로 아픈 말이 나와너를 힘들게 했던 나도 내가 힘든 걸다짐과 다르게 나아진 게 없어늘 실망하게 했던 나도 후회하는 걸잊을 수 없을 것 같아바람이 차가워지면입김을 불어서 숨결을 만지던 밤행복한 웃음소리로포근히 끌어안으며별빛처럼 빛날 내일을 꿈꾸던 밤I`ll search the universe널 다시 찾을 때까지놓지 않을 거야 티끌 같은 기억도계절에 새겨진 우리의 추억은 다시몇 번이고 돌아와 널 부를 테니까웃음과 눈물이 상처와 치유가질문과 해답들이 네 안에 다 있는 걸나의 세상을 가진 나의 작은 우주가소멸하는 순간 나도 사라지겠지I`ll search the universe널 다시 찾을 때까지놓지 않을 거야 티끌 같은 기억도계절에 새겨진 우리의 추억은 다시몇 번이고 돌아와 널 부를 테니까기억은 언제나 눈물을 데려와다 씻어낸 자리에 Woo baby너 하나만 남겨 둬단 하루에 단 한번에끊어낼 수 있는 마음이 아니란 걸아프도록 느끼잖아그 어디라고 해도 너에게 가는 나I`ll search the universe널 다시 찾을 때까지놓지 않을 거야 티끌 같은 기억도계절에 새겨진 우리의 추억은 다시기어이 돌아와 널 찾을 테니까그게 사랑이니까사랑이니까
15,2017.09.18,Rap / Hip-hop,첫눈에 널 알아보게 됐어서롤 불러왔던 것처럼내 혈관 속 DNA가 말해줘내가 찾아 헤매던 너라는 걸우리 만남은 수학의 공식종교의 율법 우주의 섭리내게 주어진 운명의 증거너는 내 꿈의 출처Take it take it너에게 내민 내 손은 정해진 숙명걱정하지 마 love이 모든 건 우연이 아니니까우린 완전 달라 baby운명을 찾아낸 둘이니까우주가 생긴 그 날부터 계속무한의 세기를 넘어서 계속우린 전생에도 아마 다음 생에도영원히 함께니까이 모든 건 우연이 아니니까운명을 찾아낸 둘이니까DNAI want it this love I want it real love난 너에게만 집중해좀 더 세게 날 이끄네태초의 DNA 가 널 원하는데이건 필연이야 I love us우리만이 true lovers그녀를 볼 때마다 소스라치게 놀라신기하게 자꾸만 숨이 멎는 게 참 이상해 설마이런 게 말로만 듣던 사랑이란 감정일까애초부터 내 심장은 널 향해 뛰니까걱정하지 마 love이 모든 건 우연이 아니니까우린 완전 달라 baby운명을 찾아낸 둘이니까우주가 생긴 그 날부터 계속무한의 세기를 넘어서 계속우린 전생에도 아마 다음 생에도영원히 함께니까이 모든 건 우연이 아니니까운명을 찾아낸 둘이니까DNA돌아보지 말아운명을 찾아낸 우리니까후회하지 말아 baby영원히영원히영원히영원히함께니까걱정하지 마 love이 모든 건 우연이 아니니까우린 완전 달라 baby운명을 찾아낸 둘이니까La la la la laLa la la la la우연이 아니니까La la la la laLa la la la la우연이 아니니까DNA
16,2017.11.29,R&amp;B; / Soul,니가 없는 자리는 투명한 꿈처럼허전한 듯 나를 감싸고무뎌진 마음을꼭 붙잡았던 나는 오늘도 이렇게그대라는 시간은 내 그림자처럼항상 그 자리에낮은 구름같이 무거운하루를 보낸다고차가운 바람이 이 자릴 지나면우리는 사라지나요달아나는 기억의 빈자리를그대는 인정할 수 있나요아직 내 마음엔서로 마주하던 그 눈빛을이어주는 길이 남아있죠돌아선 나날들이 서러운 걸요차가운 바람이 이 자릴 지나면우리는 사라지나요마주치는 기억의 그 자리를 그대는포기할 수 있나요뜨거운 눈물이 이 자릴 지우면영원히 사라지나요무딘 마음이 이 자릴 메우면하루는 살아지나요달아나는 기억의 빈자리를 그대는바라볼 수 있나요미련 가득히 이 자릴 채우면그대는 돌아오나요멀어지는 기억의 그 자리를 나는이젠
17,2017.04.24,R&amp;B; / Soul,미안해 내 탓이야 고마워 덕분이야툭하면 내뱉던 네 그 말버릇너도 힘든 걸 난 다 아는데아마 넌 내가 바본 줄 아나 봐우는 얼굴로 나 힘들다 하면정말 나아질까그럼 누가 힘들까 아프다 징징대면모두 다 괜찮아지는데아마 너와 난 착각 속에서로를 가둬둔 지 몰라아냐 너는 날 이해 못 해걱정 어린 네 눈을 볼 때면Baby I’m so Lonely so Lonely나는 혼자 있는 것만 같아요지친 널 볼 때면 내가 너에게혹시 짐이 될까 많이 버거울까Baby I’m so Lonely so Lonely나도 혼자 있는 것만 같아요그래도 너에게 티 내기 싫어나는 혼자 참는 게 더 익숙해날 이해해줘우린 함께 있지만 같이 걷질 않잖아외로움과 괴로움기억 하나 차인 건데넌 왜 자꾸 다르게만적으려 하는 건지Baby I’m so Lonely so Lonely나는 혼자 있는 것만 같아요그래도 너에게 티 내기 싫어나는 혼자 참는 게 더 익숙해날 이해해줘날 내버려 둬Baby I’m so Lonely so Lonely나는 혼자 있는 것만 같아요Baby I’m so Lonely so Lonely나도 혼자 있는 것만 같아요그래도 너에게 숨기기 싫어나는 혼자 참는 게 더 익숙해날 이해해줘
18,2017.06.22,Ballad,이제 괜찮니 너무 힘들었잖아우리 그 마무리가 고작 이별뿐인 건데 우린 참 어려웠어잘 지낸다고 전해 들었어 가끔벌써 참 좋은 사람만나 잘 지내고 있어굳이 내게 전하더라잘했어 넌 못 참았을 거야그 허전함을 견뎌 내기엔좋으니 사랑해서 사랑을 시작할 때니가 얼마나 예쁜지 모르지그 모습을 아직도 못 잊어헤어 나오지 못해니 소식 들린 날은 더좋으니 그 사람 솔직히 견디기 버거워니가 조금 더 힘들면 좋겠어진짜 조금 내 십 분의 일 만이라도아프다 행복해 줘억울한가 봐 나만 힘든 것 같아나만 무너진 건가고작 사랑 한번 따위 나만 유난 떠는 건지복잡해 분명 행복 바랬어이렇게 빨리 보고 싶을 줄좋으니 사랑해서 사랑을 시작할 때니가 얼마나 예쁜지 모르지그 모습을 아직도 못 잊어헤어 나오지 못해니 소식 들린 날은 더좋으니 그 사람 솔직히 견디기 버거워너도 조금 더 힘들면 좋겠어진짜 조금 내 십 분의 일 만이라도아프다 행복해 줘혹시 잠시라도 내가 떠오르면걘 잘 지내 물어 봐줘잘 지내라고 답할 걸 모두 다내가 잘 사는 줄 다 아니까 그 알량한 자존심 때문에 너무 잘 사는 척후련한 척 살아가좋아 정말 좋으니딱 잊기 좋은 추억 정도니난 딱 알맞게 사랑하지 못한뒤끝 있는 너의 예전 남자친구일 뿐스쳤던 그저 그런 사랑
19,2018.01.25,Ballad,마음이 툭 하고 끊어진 것 같아한동안 멍하다 금세 너무 아파우우우우 잘 지내차가운 너의 그 한마디머뭇대며 왜냐고 물어보려다그만두기로 해이제 와 뭐가 중요하겠니이별의 이유 따위달라지는 건 없을 텐데가까스로 한동안 버티겠지엉망으로 너 없는 시간들을그러다 네 소식에잘 지낸단 말에 무너지듯못 견디게 보고 싶겠지 나는그런가 봐 내 마음 한편에선참 못난 생각만 해적어도 나보단 더 아프길나보다 늦게 잊길나 때문에 잠 못 이루길너 없이 가까스로 한동안 버티겠지엉망으로 너 없는 시간들을그러다 네 소식에잘 지낸단 말에 무너지듯못 견디게 그립고 못 견디게 밉겠지어쩌면 나에게 미안해서널 너무 사랑한 내가 안쓰러워서잘 지내고 싶은데 네 말처럼일분 일초가 엉망이야이별이 다 그렇지괜찮은 척 지내다한순간 주저앉고 말아우연히 보게 된 누군가와웃는 네 사진에못 견디게 그립고또 못 견디게 밉겠지어쩌면 나에게 미안해서널 너무 사랑한 내가 안쓰러워서잘 지내고 싶은데 네 말처럼일분 일초가 엉망이야 너 없인
20,2017.07.27,Ballad,너무 힘들어 삶에 치이고 되는 것도 없고 가족도 안 보이고 언제부턴가 나도 중요하지 않고없진 않지만 더 많이 가져야사랑도 이어갈 수 있는 이 세상에서all of my lifeyou are all of my life그러고 보면 나 너를 만나 참 많이 변했어 꿈이 생기고 네가 가진 꿈도 이뤄주고 싶었어 나 그러려면더 높은 곳에 올라가야만 했어더 많은 것들을 가져야 가능했어다 가질 때쯤사랑보다 꿈이 더 커졌어all of my life 내가 힘이 들 때you are all of my life 네가 날 채웠는데 다른 어떤 걸로 나를 채워봐도 all of my life you are all of my life 채워지지가 않아 그렇게 우리 바라왔고 간절했던 거잖아이젠 내방에 가득한데 나도 아무것도 없는 방 안에서 넌 혼자이렇게 주저앉아 울고 있었니all of my life 넌 내 전부인데 이 모든 게 다 무슨 소용 있는데 어디선가 이 노랠 듣게 된다면 all of my life all of my life 네 이야기가 맞아
21,2017.11.17,Dance,Uhm yeah yah Oh gosh 난리야 Oh gosh 맞아 난 좀 기분파 헤 금방 또 사랑에 빠져 Yeah yeah yeah yeah 새것만 좋아해요 반짝거리죠 다들 그렇잖아요 맞죠 Peek A Boo 설렐 때만 사랑이니까 La la la la la 내 친구 모두 소리쳐 넌 정말 문제야 I’m fine fine fine fine fine fine Peek Peek A Peek A Boo Peek Peek A Peek A Boo 흥이 난 여우 그런 나라구 Peek Peek A Peek A Boo I said 1 2 3 Play the game again 버튼을 눌러보자 쿵푸만큼 빨리 중간에 내 맘 변해도 놀라지 말기 혹시 끌리지 않니 그럼 Excuse me 자 전화해요 밤새 또 놀러 가요 함께 Restart a game 돌진해 롤링해 블랑카 오늘 저녁도 Let’s go 놀이터는 붐비고 지루해질 틈조차 없죠 Yeah yeah yeah 빙글빙글 돌아요 다들 똑같죠 오 마침내 마주친 눈빛 Peek A Boo 새로워요 사랑인가요 La la la la la 내 친구 모두 소리쳐 넌 정말 문제야 I’m fine fine fine fine fine fine Ma Boo Boo Boo Peek A Boo Boo Boo BooPeek Peek A Peek A BooPeek Peek A Peek A BooPeek Peek A Peek A Boo술래는 너로 정해졌어재밌을 거야 끼워 줄게Peek Peek A Peek A Boo저 달이 정글짐에 걸릴시간까지 노는 거야Peek Peek A Peek A BooPeek A Boo 이상해 어라 넌 좀 달라이런 게임 멈추고 너를 다시 보게 돼무섭지 않아 난 새로운 얘기가펼쳐질 거라는 걸 방금 느꼈으니까Peek Peek A Peek A BooPeek Peek A Peek A Boo흥이 난 여우 그런 나라구Peek Peek A Peek A Boo술래는 너로 정해졌어재밌을 거야 끼워 줄게Peek Peek A Peek A Boo저 달이 정글짐에 걸릴시간까지 노는 거야Peek Peek A Peek A Boo술래는 너로 정해졌어재밌을 거야 네가 좋아Peek Peek A Peek A Boo저 달이 정글짐에걸릴 시간이지만 더 놀자Peek Peek A Peek A BooPeek A BooPeek A BooPeek A Boo
22,2017.09.18,Ballad,함께였었던 너 지금 어느 별에 있니난 아직도 이별에 있어흩어져가는 하늘에 나를 태워 보면볼 수 있을까 너 있는 곳에혹시 너도 나를 찾고서 있는지마치 시간이 멈춘 듯이너를 기다리고만 있어oh you’re my staroh you’re my star in the sky너의 밤하늘 속에 내가 있다면그 수 많은 별들 중에한 점이라도 채워지면그걸로 좋아 이별이 된대도함께였었던 너 지금 어느 별에 있니난 아직도 이별에 있어환하게 웃어주던니 마지막 모습이 그리워꿈에서 라도 만날까너를 품에 안고 잠들어oh you’re my staroh you’re my star in the sky너의 밤하늘 속에 내가 있다면그 수 많은 별들 중에한 점이라도 채워지면그걸로 좋아 이별이 된대도너를 잊지 않을게oh you’re my staroh you’re my star in the sky너의 밤하늘에도 내가 있다면그 수 많은 별들 중에한 점이라도 채워지면그걸로 좋아 이별이 된대도
23,2017.11.15,Ballad,이제 괜찮니 너무 힘들었다며 너의 그 마무리가고작 이별뿐일 거라 우린 괜찮다면서잘 지낸다고 전해 들었지? 내겐 정말 참 좋은 사람 만나 잘 지내고 있어 마냥 자상한 사람잘 됐어 우린 힘들었잖아서로 다름을 견뎌 내기엔좋아 사랑해서 사랑을 시작해서 다신 눈물 흘리지 않을 거야 그 기억은 아직도 힘들어 헤어 나오지 못해 니 소식 들린 날은 더좋아 참 그 사람 한없이 날 이해해줘넌 날 몰라도 정말 몰라줬어내 아픔의 단 십 분의 일만이라도 아프다 날 잊어줘억울한가 봐 너만 힘든 것 같니어쩜 넌 그대로니몰래 흘린 눈물 아니 제발 유난 좀 떨지 마간단해 나는 행복 바랬어 그게 언제든 넌 알 바 아닌 걸좋아 사랑해서 사랑을 시작할 때 내가 그렇게 예쁘다면서그 모습을 그가 참 좋아해 너무 날 사랑해줘 아팠던 날 알면서도좋아 참 그 사람 솔직히 너무나 고마워 너도 빨리 행복하면 좋겠어 다음 사람 내 열 배만큼 사랑해줘 다시는 그러지 마혹시 잠시라도 내가 떠오르면 걘 잘 지내 물어봐 줘 잘 지내라고 답할 걸 모두 다  정말 난 정말 잘 살 거니까그 흘렸던 내 눈물 때문에 나를 아낄 거야 후회는 없을 거야좋아 정말 좋아 딱 잊기 좋은 추억 정도야난 딱 알맞게 너를 사랑했어뒤끝 없는 너의 예전 여자 친구일 뿐 길었던 결국 안 될 사랑
24,2017.10.30,Dance,설렌다 Me Likey Me Likey LikeyLikey Me Likey Likey Likey두근두근두근 Heart HeartMe Likey Me Likey Likey LikeyMe Likey Likey Likey두근두근두근자꾸 드러내고 싶지자꾸만 사소한 것 하나까지 전부다작은 화면 속에 내가제일 예뻐 보이고파아직은 감춰 이런 내 마음 꾹꾹멋 부린다는 건 정말 귀찮은 거그렇다고 절대 대충할 수가 없는걸매일 가슴 뛰게 해이건 네가 몰라야만 돼그러면서 뻔뻔하게BB크림 파파파 립스틱을 맘맘마카메라에 담아볼까 예쁘게이거 보면 웃어줘 그리고 꼭 눌러줘저 밑에 앙증맞고새빨간 Heart Heart근데 좋아요란 말은 뻔해내 맘 표현하기엔 부족한데근데 좋아요 잠도 못 자도지각하게 돼도 좋은걸설렌다 Me Likey Me Likey LikeyLikey Me Likey Likey Likey두근두근두근 Heart HeartMe Likey Me Likey Likey LikeyMe Likey Likey Likey두근두근두근 Heart Heart숨을 훕 참아 지퍼를 올리게다시 한번 허리를 훕으라차차차 다 입었다 Baby세상엔 예쁜 옷이너무나도 많고 많아BB크림 파파파 립스틱을 맘맘마카메라에 담아볼까 예쁘게이거 보면 웃어줘 그리고 꼭 눌러줘저 밑에 앙증맞고새빨간 Heart Heart근데 좋아요란 말은 뻔해내 맘 표현하기엔 부족한데근데 좋아요 잠도 못 자도지각하게 돼도 좋은걸그저 바라보고 있지아무 말도 할 수 없지조금만 더 다가와요 내 맘 알아줘요더 이상 감추고만 싶지 않아오늘따라 기분이 꿀꿀해안 그런척해 봐도 슬프네 아무 반응 없는 너 땜에 삐졌는데눈치 없이 친구들이나오라고 부르네Oh 잠깐만 잠깐만연락이 이제야 오는걸 Woo하루종일 기분이 왔다 갔다울다가도 다시 신나서 춤추네설렌다 Me Likey Me Likey LikeyLikey Me Likey Likey Likey두근두근두근 Heart HeartMe Likey Me Likey Likey LikeyMe Likey Likey Likey두근두근두근 Heart Heart
25,2017.11.13,Ballad,바보같이 아쉬움 많은 노래가 하늘에 닿기를눈물 속에 밤새운 내 기도가 마음에 닿기를어렸어 내가 이럴 줄은 몰랐어당연한 거라 그땐 생각했었어내게 남겨준 미소가 아직도 이 가슴속에 남아있어솔직히 나 아직은 받는 사랑이 필요한 가봐홀로 남은 시간이 길어질수록 두렵고 그래그때가 그립고 너무 보고 싶고 그래 YeahI miss you so much 이제서야 느껴 우리 공간I miss you so much이렇게 눈물이 나는데 왜 난 몰랐을까So Beautiful Beautiful그 누구 보다 아름다울 너니까아프지 마 울지 마 널 향한 노래가들린다면 다시 돌아와Oh 그리워 그리워거울 속에 혼자 서있는 모습이낯설어 두려워 네가 필요해이제야 느끼는 내가 너무 싫어다시 돌아와기억은 바다처럼 넓은 창고라고그 안에서 하루 종일 헤매도혼자 느끼는 이 외로움마저유일한 너의 흔적이라고억지로 눈 감은 채 견디고 있어 오늘도I miss you so much이제서야 느껴 우리 공간I miss you so much이렇게 눈물이 나는데 왜 난몰랐을까So Beautiful Beautiful그 누구 보다 아름다울 너니까아프지 마 울지 마 널 향한 노래가들린다면 다시 돌아와Oh 그리워 그리워 거울 속에 혼자 서있는 모습이낯설어 두려워 네가 필요해이제야 느끼는 내가 너무 싫어Yeah 이렇게 너처럼 예쁜 꽃을 안고 네 앞에 다시 서고 싶어Yeah 그 시절보다 더 멋진 모습을 하고 네 앞에 나타나고 싶어 Yeah익숙했던 시간들을 손끝으로 그려돌지 않는 시계처럼 제자리서 울어반짝이던 널 천사 같은 널아름다운 널 맘껏 안아보고 싶어꼭 다시 보고 싶어So Beautiful Beautiful어디선가 울고 있진 않을까떠나지마 가지마 사랑한단 거짓말어떤 말이든 좋으니까Oh 그리워 그리워 그리워멀어지던 너의 마지막 그 말 그리워낯설어 두려워 네가 필요해이제야 느끼는 내가 너무 싫어바보같이 아쉬움 많은 노래가 하늘에 닿기를당신 향해 밤새운 내 기도가 마음에 닿기를
26,2018.01.23,Dance,빛이 빛이 나 너의 눈엔 빛이 빛이 나아주 아주 꽤 아주 아주 아주꽤 아주 꽤아무리 봐도 손발이 말을 안 들어그래 눈도 멀어 가나 봐Oh girl DownOh Come inCome in 해들어와 줘 내 Around에눈 마주친 순간 내 몸이 팔이 다리Body 멈췄어 GirlI’m into you girlNobody nobody더 아늑하게 자릴 만들어 놔Baby 그게 네 위치Oh somebody call me해도 나갈 생각 없어 나의 위치난 네 옆에 붙박이야우린 마치 쌍둥이자리야Oh girl감출 수 없는 걸Baby come inAlways be with youyou you you you youBaby come inAlways be with youyou you you you youBaby come inbe with youyou you you you youBaby come inAlways be with youYeah yeah날 더 꽉 안아줘Yeah yeahWoo woo woo아주 아주 꽤 아주 아주 아주꽤 아주 꽤후광이 비친 새하얀 살결에눈이 멀어 도가까이 갈래 나 몰라 꼭 너밖에 없는 것 같아 지구 위에거닐고 있는 건 오직 너Only you You youOh 날 천천히 더 알아가 줘Oh 널 조금씩 더 내게 보여줘내게 보여줘 Oh baby더 아늑하게 자릴 만들어 놔Baby 그게 네 위치Oh somebody call me해도 나갈 생각 없어 나의 위치난 네 옆에 붙박이야우린 마치 쌍둥이자리야Oh girl감출 수 없는 걸Baby come inAlways be with youyou you you you youBaby come inAlways be with youyou you you you youBaby come inbe with youyou you you you youBaby come inAlways be with youYeah yeah날 더 꽉 안아줘Yeah yeah눈부셔 너의 모든 게네 손에 닿는 모든 게또 하얗게 빛나고 있어 YeahDon’t be shy신기해 널 알아가는 게거침없이 날 더 비춰주고 있어너의 눈이 날 바라볼 때 더 빛이 나아주 아주 꽤 아주 아주 아주꽤 아주 꽤Baby come inAlways be with youyou you you you youBaby come inAlways be with youyou you you you youBaby come inbe with youyou you you you youBaby come inAlways be with youYeah yeah날 더 꽉 안아줘Yeah yeah
27,2017.10.16,Ballad,My life is incompleteIt’s Missing you오늘도 하루를 보내 다를 게 없이하나도 안 어색해 혼자 있는 게너 없인 안될 것 같던 내가 이렇게 살아근데 좀 허전해 난 여전히 거기 있나 봐후련하게 다 털어내 다 다지난 일에 마음 쓰는 게 It’s alright답이 잘 보이는가 싶다가도어느새 날 가두는 감옥이 돼시간은 앞으로만 가는 걸 어째그 동안 난 아무것도 이룬 것이 없네아직도 내 마음속엔 너 Oh oh너를 그리워하다 하루가 다 지났어너를 그리워하다 일 년이 가버렸어난 그냥 그렇게 살아너를 그리워하다 그리워하다다 괜찮을 거라 되뇌어 봐도내 하루에 끝엔 또 너로 남아너 없인 안될 것 같던 내가 이렇게 살아사실 좀 허전해 넌 여전히 여기 있나 봐내 마음은 여전해 아직 너를 원해몇 년이 지나도 난 아직 널 그리워해난 아직 기억해 우리 처음 봤을 때네 옷차림과 머리 스타일도 다 정확하게I pray for you every night and dayI hope that someday soon I can see you once again아직도 내 마음속엔 너 Oh oh너를 그리워하다 하루가 다 지났어너를 그리워하다 일 년이 가버렸어난 그냥 그렇게 살아너를 그리워하다 그리워하다잠에서 깨어 헝클어진 머리처럼 내 일상도꽤나 엉망이 돼버렸어 책임져아무렇지 않은 척 드리워진 표정도 내 모든 곳에스며든 네 흔적도 다 책임져 아직도 난잊을 수 없나 봐 다시 돌아와 줘또다시 같은 엔딩이라 해도 너너를 그리워하다 하루가 다 지났어너를 그리워하다 일 년이 가버렸어너를 잊으려 하다 하루가 지나가도너를 지우려 하다 일 년이 가버려도난 그냥 그렇게 살아너를 그리워하다 그리워하다그리워하다 그리워하다
28,2018.01.25,Rap / Hip-hop,너 같은 사람은 너 하나밖에 없더라가진 게 없어도 더할 게 하나 없더라내 세상을 자꾸 멈춰 나 네가 없을 땐 내 주위에 꽃이 하나 없더라Long time no see 나를 향한 손짓바라보는 눈빛 없는 나는 뭔지중심에 있던 네가 추억에 잠겨버린 후다시 네 앞에 서기까지 또 노력했어 늘다시 본다는 사실에 내 맘은 자꾸만 설레네 이름이 입에 뱄어 온종일 네 얘길 꺼내I don't want nobody else시간을 달려왔어 baby 좀만 기다려기억 저편에서 날 기다리던너의 앞에 서 있어 ooh yeahLong time no see그동안 어떻게 지냈니너무 오랫동안 기다렸지이제 어디 안 가 Baby don't worryLong time no see많이 그리웠어 나 역시네게 가는 길을 헤매었지이제 어디 안 가 Baby don't worryAhah 정말 오랜만이야Ahah 정말 오랜만이야널 기다리게 했지 결국부러질 듯 가녀린 새끼손가락 걸고약속했지만 지켜주지 못해 미안해왜 이리 늦었는지 설명해줄게 전부 listen신이 주신 아픔을 이겨내느라피와 살을 나눈 형제들을 지켜내느라공허함만이 남은 속을 비워내면서도커져만 가는 꿈을 계속 이뤄내느라 많이 늦었어무너진 꿈을 다시 일으키기까지가 힘들었어끝내 지금의 내가 됐고 넌 여전히 아름답네오랜만이야 많이 그리웠어기억 저편에서 날 기다리던너의 앞에 서 있어 ooh yeahLong time no see그동안 어떻게 지냈니너무 오랫동안 기다렸지이제 어디 안 가 Baby don't worryLong time no see많이 그리웠어 나 역시네게 가는 길을 헤매었지이제 어디 안 가 Baby don't worryOh baby don't worry함께해 영원히 네 곁을 지켜주겠다고 약속해Oh baby don't worry함께 해 영원히 영원히네가 있는 그곳에 내가 있을게 Don't worryLong time no see그동안 어떻게 지냈니너무 오랫동안 기다렸지이제 어디 안 가 Baby don't worryLong time no see많이 그리웠어 나 역시네게 가는 길을 헤매었지이제 어디 안 가 Baby don't worryAhah 정말 오랜만이야Ahah 정말 오랜만이야
29,2017.07.18,Dance,Shimmie shimmie Ko Ko BopI think I like it긴장은 down down부끄러 말고 어지러운 마음속에 내가 들어가익숙한 듯 부드럽게 네게 번져가Ah woo 고요한 밤이야 Ah woo 널 위한 밤이야참을 수가 없어 빠져가 Yeah yeah 너의 몸짓에 난 취해가 Yeah yeah네가 알던 뻔한 모습의 나를 잊어 오늘숨겨둔 본능이 Shimmie upIt goes down down baby 리듬에 온몸을It goes down down baby 맡기고 소리쳐 Oh 우린 OhWe going Ko Ko BopHeyShimmie shimmie Ko Ko BopI think I like it조금씩 down down수줍어 말고누가 뭐래도 넌 신경 쓰지 말어 지금 이대로아름답기만 해 멈춰버렸음 해 Baby are you downAh woo 마지막 밤이야Ah woo 둘만의 밤이야긴장하지 말고 다가와 Yeah yeah네 모든 걸 내게 맡겨봐 Yeah yeah점점 풀려 가는 고삐 더 내려놔 오늘눈치 보지 말고 Shakin' up It goes down down baby 리듬에 온몸을It goes down down baby 맡기고 소리쳐 Oh 우린 OhBreak it down nowHeyWe go down now Listen밤은 깊어도 더 빛나는 너너의 그 눈빛이 다 내게 말해기분 좋은 밤 넌 원하고 있어알아 It's ok 이제 시작해Let's goIt's about to go goDown down baby 리듬에 온몸을It goes down down baby 맡기고 소리쳐 Oh 우린 OhGoing Ko Ko BopDown down baby 귓가에 속삭여It goes down down baby 내 맘을 불태워 Oh 미쳐 OhGoing Ko Ko Bop
30,2018.01.01,Ballad,별이 떨어지는 작은 창밖을 보다 잠들지 못한 밤 나를 달래보다 길었던 가을의 내겐 첫눈 같은 밤 뒤늦은 나만의 겨울이 온 거야 얼룩 하나 남지 않는 별이 가득히 내린 길을 나 혼자 이렇게 걷고 있어 다시 태어난 겨울소리 따라 부르는 깊은 밤 나의 노래가 어디선가 잠든 너를 안아주길 sleep in white 주인도 없는 이 하얀 그림 위에다 그려보고 싶은 너의 이름 하나 아무 말도 없이 하얀 숨 뱉어보다 어느새 멈춘 두 발을 떼어본다 얼룩 하나 남지 않는 별이 가득히 내린 길을 나 혼자 이렇게 걷고 싶어 다시 태어난 겨울소리 따라 부르는 깊은 밤 나의 노래가 어디선가 잠든 너를 안아주기를 sleep in white 온 세상 하얗던 그날의 우리 둘 끝없는 이야기 잠들지 못했던 그날 다시 태어난 겨울소리 따라 부르는 깊은 밤 나의 노래가 어디선가 잠든 너를 안아주길 눈 감으면 나의 품에 네가 있어 sleep in white Ejjel dal lalalszunk(오늘 밤 이 노래와 함께 잠이 들어)edesalmunkhofeher(달콤한 우리의 꿈은 눈처럼 하얗다)Ejjel dal lalalszunk(오늘 밤 이 노래와 함께 잠이 들어)edesalmunkhofeher(달콤한 우리의 꿈은 눈처럼 하얗다)
31,2017.02.13,Rap / Hip-hop,보고 싶다이렇게 말하니까 더 보고 싶다너희 사진을 보고 있어도보고 싶다너무 야속한 시간나는 우리가 밉다이젠 얼굴 한번 보는 것 조차힘들어진 우리가여긴 온통 겨울 뿐이야8월에도 겨울이 와마음은 시간을 달려가네홀로 남은 설국열차니 손 잡고 지구 반대편까지 가겨울을 끝내고파그리움들이 얼마나눈처럼 내려야 그 봄날이 올까Friend허공을 떠도는작은 먼지처럼 작은 먼지처럼날리는 눈이 나라면조금 더 빨리네게 닿을 수 있을 텐데눈꽃이 떨어져요또 조금씩 멀어져요보고 싶다 보고 싶다보고 싶다 보고 싶다얼마나 기다려야또 몇 밤을 더 새워야널 보게 될까 널 보게 될까만나게 될까 만나게 될까추운 겨울 끝을 지나다시 봄날이 올 때까지꽃 피울 때까지그곳에 좀 더 머물러줘 머물러줘니가 변한 건지니가 변한 건지아니면 내가 변한 건지내가 변한 건지이 순간 흐르는 시간조차 미워우리가 변한 거지 뭐모두가 그런 거지 뭐그래 밉다 니가 넌 떠났지만단 하루도 너를잊은 적이 없었지 난솔직히 보고 싶은데이만 너를 지울게그게 널 원망하기보단덜 아프니까시린 널 불어내 본다연기처럼 하얀 연기처럼말로는 지운다 해도사실 난 아직 널 보내지 못하는데눈꽃이 떨어져요또 조금씩 멀어져요보고 싶다 보고 싶다보고 싶다 보고 싶다얼마나 기다려야또 몇 밤을 더 새워야널 보게 될까 널 보게 될까만나게 될까 만나게 될까You know it allYou're my best friend아침은 다시 올 거야어떤 어둠도 어떤 계절도영원할 순 없으니까벚꽃이 피나봐요이 겨울도 끝이 나요보고 싶다 보고 싶다 보고 싶다 보고 싶다조금만 기다리면며칠 밤만 더 새우면만나러 갈게 만나러 갈게데리러 갈게 데리러 갈게추운 겨울 끝을 지나다시 봄날이 올 때까지꽃 피울 때까지그곳에 좀 더 머물러줘 머물러줘
32,2017.09.04,Rap / Hip-hop,밤새 모니터에 튀긴 침이마르기도 전에 강의실로아 참 교수님이 문신 땜에 긴 팔 입고 오래난 시작도 전에 눈을 감았지날 한심하게 볼 게 뻔하니 이게 더 편해내 새벽은 원래 일몰이 지나고하늘이 까매진 후에야 해가 뜨네내가 처량하다고 다 그래야 야 난 쟤들이 돈 주고 가는파리의 시간을 사는 중 이라 전해난 이게 궁금해시계는 둥근데 날카로운 초침이 내 시간들을 아프게모두가 바쁘게뭐를 하든 경쟁하라 배웠으니우린 우리의 시차로 도망칠 수밖에이미 저 문밖엔 모두 그래야 일찍 일어나야 성공해 안 그래맞는 말이지 다근데 니들이 꿈을 꾸던 그 시간에나도 꿈을 꿨지두 눈 똑바로 뜬 채로We're livin' in a different time zone바뀌어버린 낮과 밤이야 yeahHave a good night 먼저 자아직 난 일하는 중이야We are who we areWe a-a-are who we a-a-are ohahhDon't you know who we are4호선 문이 열릴 때취해 있는 사람들과 날 똑같이 보지마그들이 휘청거릴 때마다풍기는 술 냄새마저 부러웠지만난 적응해야 했거든 이 시차꿈을 꾸게 해 준 침댄 이 기차먼지 쌓일 틈이 없던 키보드 위그리고 2009년부터 지금까지 계속GRAY on the beat ya아침은 까맣고 우리의 밤은 하얘난 계속 칠하고 있고 똑같은 기찰 타네걱정한 적 없어 막차 시간은 한 번도얇았던 커튼이 햇빛을 완벽히 못 가려도난 지금 눈을 감아야 해내일의 나는 달라져야 해우린 아무것도 없이 여길 올라왔고넌 이 밤을 꼭 기억해야 돼We're livin' in a different time zone바뀌어버린 낮과 밤이야 yeahHave a good night 먼저 자아직 난 일하는 중이야We are who we areWe a-a-are who we a-a-are ohahhDon't you know who we are밤새 모니터에 튀긴 침이마르기도 전에 대기실로아 참 문신 땜에 긴 팔 입고 오래녹화 전에 눈을 감고 생각하지똑같은 행동 다른 느낌시차 부적응에 해당돼지금 내 옆엔 Loco 그리고 GRAY모두 비웃었던 동방의 소음이 어느새전국을 울려대야 이게 우리 시차의 결과고우린 아직 여기 산다 전해We're livin' in a different time zone바뀌어버린 낮과 밤이야 yeahHave a good night 먼저 자아직 난 일하는 중이야We are who we areWe a-a-are who we a-a-are ohahhDon't you know who we are모두 위험하다는 시간이 우린 되려 편해Don't you know who we are밝아진 창문 밖을 봐야지 비로소 맘이 편해Don't you know who we are모두가 다 피하는 반 지하가 우린 편해Don't you know who we areWe are We are We areDon't you know who we are
33,2017.10.14,Ballad,어떠니 잘 지냈니 지난 여름유난히도 힘에 겹더라 올핸새벽녘엔 제법 쌀쌀한 바람이 어느덧니가 좋아하던 그 가을이 와사랑도 그러게 별수없나 봐언제 그랬냐는 듯 계절처럼 변해가그리워져 미치도록 사랑한 그날들이내 잃어버린 날들이참 많이 웃고 울었던 그때그 시절의 우리니가 떠올라 밤새참 아프다 니가 너무 아프다너를 닮은 이 시린 가을이 오면보고 싶어서 너를 안고 싶어서가슴이 너를 앓는다어떠니 넌 괜찮니 지금쯤은나를 잊고 편안해졌니 이젠우습지 잘살길 바라면서도막상 날 잊었을 널 떠올리면 서글퍼그리워져 미치도록 사랑한 그날들이내 잃어버린 날들이참 많이 웃고 울었던 그때그 시절의 우리니가 떠올라 밤새참 아프다 니가 너무 아프다너를 닮은 이 시린 가을이 오면보고 싶어서 너를 안고 싶어서가슴이 너를 앓는다너라는 계절 안에 살아여전히 너를 꿈꾸며고마워져 그 날들이내 지나버린 날들이추억은 짐이 아니라살게 하는 힘이란 걸가르쳐준 너니까또 설렌다 아프도록 설렌다너를 닮은 눈부신 가을이 오면니가 떠올라 그리움이 차올라눈물로 너를 앓는다밤새 또 너를 앓는다
34,2018.01.08,Dance,Anywhere Anytime어딜 가든 어디 있든네가 그리워 못 참겠어제발 다시 내게 내게 돌아와 줘제발 다시 내게 내게 돌아와 줘어딜 가든 어디 있든네가 그리워 못 참겠어제발 다시 내게 내게 돌아와 줘제발 다시 내게 내게 돌아와 줘도망쳐버렸어 익숙해져 점점착각처럼 끝이 온 줄 알았어다 망쳐버렸어 Eh또 난 뻔한 드라마 속 Eh서 있는 거 같아 텅 비어 허전해그저 후회뿐I luv you in my mind달콤한 너의 말 그때처럼 너에게듣고 싶어 OhI know you in my heart날 위로했던 말돌려볼게 안아볼게다시 뜨거웠던 때로어딜 가든 어디 있든네가 그리워 못 참겠어제발 다시 내게 내게 돌아와 줘제발 다시 내게 내게 돌아와 줘어딜 가든 어디 있든네가 그리워 못 참겠어제발 다시 내게 내게 돌아와 줘제발 다시 내게 내게 돌아와 줘Tell Me LuvLuv luv lu lu lu luLuv luv lu lu lu luLuv luv lu lu lu luTell me Tell meTell me Tell meLuv luv lu lu lu luLuv luv lu lu lu luLuv luv lu lu lu lu내게 내게 돌아와 줘 BabeLet’s go I miss you all day너를 그려 매일 마치 화가이 밤이 닳고 닳아꿈속에서도 네가 들려기억을 ReplayDon’t pass me by널 내 품에 줘 Uh널 찾아 헤매 Go walk walk hardI luv you in my mind달콤한 너의 말 그때처럼 너에게듣고 싶어 가고 싶어 지금 네 옆에I know you in my heart날 위로했던 말돌려볼게 안아볼게다시 뜨거웠던 때로어딜 가든 어디 있든네가 그리워 못 참겠어제발 다시 내게 내게 돌아와 줘제발 다시 내게 내게 돌아와 줘어딜 가든 어디 있든네가 그리워 못 참겠어제발 다시 내게 내게 돌아와 줘제발 다시 내게 내게 돌아와 줘Tell Me LuvLuv luv lu lu lu luLuv luv lu lu lu luLuv luv lu lu lu luTell me Tell meTell me Tell meLuv luv lu lu lu luLuv luv lu lu lu luLuv luv lu lu lu lu내게 내게 돌아와 줘 Babe듣고 싶어 네 목소리내 귓가를 가득 울린 Melody속삭여줘 다시 한번이렇게나 이기적인 내가널 안아볼게어딜 가든 어디 있든네가 그리워 못 참겠어제발 다시 내게 내게 돌아와 줘제발 다시 내게 내게 돌아와 줘어딜 가든 어디 있든네가 그리워 못 참겠어제발 다시 내게 내게 돌아와 줘제발 다시 내게 내게 돌아와 줘Tell MeLuv luv lu lu lu luLuv luv lu lu lu luLuv luv lu lu lu luTell me Tell meTell me Tell meLuv luv lu lu lu luLuv luv lu lu lu luLuv luv lu lu lu lu내게 내게 돌아와 줘 Babe
35,2017.09.28,Folk,표현이 서툰 것도 잘못인가요 나 차가운 도시에 따뜻한 여잔데그냥 좋아한단 말도 안 되는가요 솔직하게 난 말하고 싶어요사라져 아니 사라지지 마 네 맘을 보여줘 아니 보여주지 마하루 종일 머릿속에 네 미소만 우리 그냥 한번 만나볼래요나 오늘부터 너랑 썸을 한번 타볼 거야 나 매일매일 네게 전화도 할 거야밀가루 못 먹는 나를 달래서라도 너랑 맛있는 걸 먹으러 다닐 거야넘넘 스윗한 넌 정말 달콤한 걸넘넘 스윗한 넌그냥 좋아한단 말도 안 되는가요 솔직하게 난 말하고 싶어요사라져 아니 사라지지 마 네 맘을 보여줘 아니 보여주지 마하루 종일 머릿속에 네 미소만 우리 그냥 한번 만나볼래요나 오늘부터 너랑 썸을 한번 타볼 거야 나 매일매일 네게 전화도 할 거야밀가루 못 먹는 나를 달래서라도 너랑 맛있는 걸 먹으러 다닐 거야사랑은 이렇게 생기는 게 아니겠어 어쩌면 내 맘의 반쪽을 네게 걸어보는 건데나는 오늘도 네게 차일 것만 같아도 난 한번 더 너에게 다시 달려가 볼 거야나 오늘부터 너랑 썸을 한번 타볼 거야 나 매일매일 네게 전화도 할 거야매운 거 못 먹는 나를 달래서라도 너랑 맛있는 걸 먹으러 다닐 거야나도 그 애처럼 좋아요 좀 눌러줘 나도 너랑 말 좀 할 수 있게 해줘나는 풀이 죽어서 오늘도 포기하고 뒤를 돌아볼 때쯤 나를 붙잡는 넌넘넘 스윗한 넌 정말 달콤한 걸넘넘 스윗한 넌
36,2018.01.09,Dance,나의 비밀정원난 아직도 긴 꿈을 꾸고 있어 그 어떤 이에게도 말하지 못했던 아침 햇살이 날 두드리며 hello 매일 머물렀다 가는데 모르지 처음으로 너에게만 보여줄게 나를 따라 come with me bae 손을 잡아 you and me 내 안에 소중한 혼자만의 장소가 있어 아직은 별거 아닌 풍경이지만 조금만 기다리면 곧 만나게 될 걸 이 안에 멋지고 놀라운 걸 심어뒀는데 아직은 아무것도 안 보이지만 조금만 기다리면 알게 될 거야 나의 비밀정원 너무 단순해 그 사람들은 말야 눈으로 보는 것만 믿으려 하는 걸 빗방울은 날 다독이며 잠시 내게 또 힘을 주곤 해 다정히 오늘 하루 한 사람만 초대할게 나를 따라 come with me bae 상상해봐 you and me 내 안에 소중한 혼자만의 장소가 있어 아직은 별거 아닌 풍경이지만 조금만 기다리면 곧 만나게 될 걸 이 안에 멋지고 놀라운 걸 심어뒀는데 아직은 아무것도 안 보이지만 조금만 기다리면 알게 될 거야 나의 비밀정원 아마 언젠가 말야 이 꿈들이 현실이 되면 함께 나눈 순간들을 이 가능성들을 꼭 다시 기억해줘 네 안에 열렸던 문틈으로 본 적이 있어 아직은 별거 아닌 풍경이지만 조금만 기다리면 곧 만나게 될 걸 그 안에 멋지고 놀라운 걸 심어뒀는데 아직은 아무것도 안 보이지만 조금만 기다리면 알게 될 거야 너의 비밀정원 무럭무럭 어서어서 자라나 줘 beautiful
37,2017.09.05,Dance,머뭇거리지 마 Move on자 시간이 없어너의 미래는 바로 상상에 달렸어두려움 따윈 버려 우린 그래도 돼모든 열쇤 너에게 있는데잠들지 않아도 꿈꾸던 널잊지 않기를 바래 바래오늘 우리 함께신나게 한번 불태워볼까꼭 하나 된 Feeling feelingSo turn me upWe got that power power네가 나를 볼 때서로 같은 마음이 느껴질 때Power power더 강해지는 걸Turn the music up nowWe got that power power이 음악을 통해같이 한목소리로 노래할 때Power power더 강해지는 걸Turn the music up nowPower powerTurn the music up now고민은 이제 그만 Stop시간은 가 지금도 Tik TokWe take a shot떠나자 We got bang bang pow wow이어폰 타고 흘러 나오는 멜로디로시끄러운 소음 덮고볼륨은 Up HighWe got that power everytime잠들지 않아도 꿈꾸던 널잊지 않기를 바래 바래오늘 다시 함께신나게 한번 불태워볼까꼭 하나 된 Feeling feelingSo turn me upWe got that power power네가 나를 볼 때서로 같은 마음이 느껴질 때Power power더 강해지는 걸Turn the music up nowWe got that power power이 음악을 통해같이 한목소리로 노래할 때Power power더 강해지는 걸Turn the music up now지쳐버리는 그날이 오면 기억해 Babe아름다웠던 우릴다시 일어날 수 있는 그 힘은네 안에 있다는 걸We got thatWe got thatWe got thatWe got thatWe got that power power이 음악을 통해같이 한목소리로 노래할 때Power power더 강해지는 걸Turn the music up nowPower powerTurn the music up nowWe got thatWe got that
38,2017.11.08,R&amp;B; / Soul,그때의 나 그때의 우리참 어리석고 어렸지그때의 우리 아무것도 아닌 일에다투던 초라할 무렵에 기억달 밝은 날에 하늘을 보면우리 상처들이 떠 있고밤 또 늦은 밤에 거릴 거닐면그때의 추억이 선명하게 따라와네가 그립거나 보고프거나그런 쉬운 감정이 아니야난 그때의 우리가 세상에우리밖에 없었던 그때가 그리울 뿐그때의 우리 소홀함과 편안함그 안에서 부서질 듯 아파했던 달 밝은 날에 하늘을 보면우리 상처들이 떠 있고밤 또 늦은 밤에 거릴 거닐면그때의 추억이 선명하게 따라와네가 그립거나 보고프거나그런 쉬운 감정이 아니야난 그때의 우리가 세상에우리밖에 없었던 그때가 그리워다시 그 시간으로 돌아가고픈가벼운 순간의 감정이 아냐난 그때의 우리가 너와 내가이 세상 전부였던 그때가 그리울 뿐그때의 나 그때의 우리
39,2017.03.24,Ballad,이 밤 그날의 반딧불을당신의 창 가까이 보낼게요음 사랑한다는 말이에요나 우리의 첫 입맞춤을 떠올려그럼 언제든 눈을 감고음 가장 먼 곳으로 가요난 파도가 머물던모래 위에 적힌 글씨처럼그대가 멀리 사라져 버릴 것 같아늘 그리워 그리워여기 내 마음속에모든 말을 다 꺼내어 줄 순 없지만사랑한다는 말이에요어떻게 나에게그대란 행운이 온 걸까지금 우리 함께 있다면 아얼마나 좋을까요난 파도가 머물던모래 위에 적힌 글씨처럼그대가 멀리 사라져 버릴 것 같아또 그리워 더 그리워나의 일기장 안에모든 말을 다 꺼내어 줄 순 없지만사랑한다는 말이 밤 그날의 반딧불을 당신의창 가까이 띄울게요음 좋은 꿈 이길 바라요
40,2017.11.27,Ballad,기억 속에 또 조용히 찾아와너무 사랑한 기억 아련히 떠올라서가까이 조금만 한걸음 조금만 다가가니까그 자리에 내가 갈 때까지만딴 데 눈 돌리지 마 아픈 그대나는 바보야 이런 너를 떠나보내놓고나는 바보야 후회하는 거밖에 몰라서정말 너무 아프다 가슴 치면서 울고 있잖아이젠 내게 와줘 바보야맘에 없는 말인 줄 알면서 너도 바보야내 맘 알잖아 이젠 내게 와줘 바보야내겐 너뿐이야잊고 살 수가 없는 그대라서가슴속에 묻은 채 여전히 떠올라서혼자 살아갈 수도 없게 아직 날 괴롭히네나는 바보야 이런 너를 떠나보내놓고나는 바보야 후회하는 거밖에 몰라서정말 너무 아프다 가슴 치면서 울고 있잖아이젠 내게 와줘 바보야맘에 없는 말인 줄 알면서 너도 바보야내 맘 알잖아 이젠 내게 와줘 바보야내겐 너뿐이야천천히 조금만 한 걸음씩 조금만내 가슴은 널 향하고 있잖아너도 바보야 이런 나를 떠나보내놓고너도 바보야 후회하는 거밖에 몰라서정말 너무 아프다 가슴 치면서 울고 있잖아제발 돌아와 줘 바보야아직 사랑하는 걸 알면서 나도 바보야내 맘 알잖아 이젠 내게 와줘 바보야내겐 너뿐이야
41,2016.11.17,Ballad,널 만날 수 있는 날 친굴 만났고끊이지 않던 대화가 이젠 끊기고널 바라보다가 다른 사람을 겹쳐봤어누군가 내 안에 들어온 것도 아닌데사랑한단 말은 점점 미안하고억지로 한 것뿐인데 넌 좋아하고너에게만 나는 아주 바쁜 사람내 연락을 기다리다가 또 잠들겠지나도 노력해봤어 우리의 이 사랑을안되는 꿈을 붙잡고 애쓰는 사람처럼사랑을 노력한다는 게 말이 되니서로가 다른 건 특별하다고같은 건 운명이라 했던 것들이 지겨워져넌 오늘보다 내일 날 더 사랑한대난 내일보다 오늘 더 사랑할 텐데나도 노력해봤어 우리의 이 사랑을아픈 몸을 이끌고 할 일을 끝낼 그때처럼사랑을 노력한다는 게 말이 되니말이 되니사랑을 노력한다는 게 노력으로 안되는 게 있다는 게사랑을 노력한다는 게 말이 되니 너는 아직 아무것도 모르고만 있는데어떻게 말해야 할지 나도 모르겠어그렇게 널 만나러 가
42,2017.08.22,Dance,너의 싸늘해진 그 눈빛이나를 죽이는 거야 커지던 니 맘의 불씨재만 남은 거야 왜시간이 약인가 봐 어째 갈수록 나 약하잖아슬픈 아픔도 함께 무뎌지는 거야좋아 이젠 너를 잊을 수 있게 꽃같이 살래 나답게Can't nobody stop me now no try me 나의 향길 원해 모두가 바보처럼 왜 너만 몰라정말 미친 거 아냐 넌왜 예쁜 날 두고 가시나날 두고 가시나왜 예쁜 날 두고 가시나날 두고 떠나가시나그리 쉽게 떠나가시나같이 가자고 약속해놓고 가시나 가시나 날카로운 날 보고 넌고개 숙일 거야 가시 난 내 모습이더 깊숙이 파고들 거야 eh이미 꺾은 거잖아 굳이 미안해하지 마정말 꺾인 건 지금 내가아냐 바로 너야좋아 이젠 너를 잊을 수 있게꽃같이 살래 나답게Can't nobody stop me now no try me 나의 향길 원해 모두가 바보처럼 왜 너만 몰라정말 미친 거 아냐 넌왜 예쁜 날 두고 가시나날 두고 가시나왜 예쁜 날 두고 가시나날 두고 떠나가시나그리 쉽게 떠나가시나같이 가자고약속 해놓고가시나 가시나 너는 졌고 나는 폈어And it's over 다시 돌아온다 해도 지금 당장은 나 없이 매일 잘 살 수 있을 것 같지암만 생각해봐도 미친 거 아냐 넌왜 예쁜 날 두고 가시나날 두고 가시나왜 예쁜 날 두고 가시나날 두고 떠나가시나그리 쉽게 떠나가시나같이 가자고 약속해놓고 가시나 가시나
43,2017.03.03,Pop,The club isn’t the best place to find a lover So the bar is where I go Me and my friends at the table doing shots drinking fast and then we talk slow you come over and start up a conversation with just me and trust me I’ll give it a chance now Take my hand stop put van the man on the jukebox and then we start to dance And now I’m singing like Girl you know I want your love Your love was handmade for somebody like me Come on now follow my lead I may be crazy don’t mind me Say boy let’s not talk too much Grab on my waist and put that body on me Come on now follow my lead Come come on now follow my lead I’m in love with the shape of you We push and pull like a magnet do Although my heart is falling too I’m in love with your body Last night you were in my room And now my bed sheets smell like you Every day discovering something brand new I’m in love with your body Oh I Oh I Oh I Oh I I’m in love with your body Oh I Oh I Oh I Oh I I’m in love with your body Oh I Oh I Oh I Oh I I’m in love with your body Every day discovering something brand new I’m in love with the shape of you One week in we let the story begin We’re going out on our first date You and me are thrifty So go all you can eat Fill up your bag and I fill up a plate We talk for hours and hours about the sweet and the sour And how your family’s doing ok leave and get in a taxi then kiss in the backseat Tell the driver make the radio play and I'm singing like Girl you know I want your love Your love was handmade for somebody like me Come on now follow my lead I may be crazy don’t mind me Say boy let’s not talk too much Grab on my waist and put that body on me Come on now follow my lead Come come on now follow my lead I’m in love with the shape of you We push and pull like a magnet do Although my heart is falling too I’m in love with your body Last night you were in my room And now my bed sheets smell like you Every day discovering something brand new Well I’m in love with your body Oh I Oh I Oh I Oh I I’m in love with your body Oh I Oh I Oh I Oh I I’m in love with your body Oh I Oh I Oh I Oh I I’m in love with your body Every day discovering something brand new I’m in love with the shape of you Come on be my baby come onCome on be my baby come onCome on be my baby come onCome on be my baby come onCome on be my baby come onCome on be my baby come onCome on be my baby come onCome on be my baby come onI’m in love with the shape of youWe push and pull like a magnet doAlthough my heart is falling tooI’m in love with your bodyLast night you were in my roomAnd now my bed sheetssmell like youEvery day discoveringsomething brand newWell I’m in love with your bodyCome on be my baby come onCome on be my baby come onCome on be my baby come onCome on be my baby come onCome on be my baby come onCome on be my baby come onEvery day discoveringsomething brand newI’m in love with the shape of you
44,2016.07.28,Pop,Turn it upSomebody save your soulcause you've been sinning in this city I knowToo many troubles allthese lovers got you losing controlYou're like a drug to mea luxury my sugar and goldI want the good lifeEvery good night you're a hard one to holdCause you don't even knowI can make your hands clapSaid I can make your hands clapSomebody save your soulcause you've been sinning in this city I knowToo many troubles allthese lovers got you losing controlYou're like a drug to mea luxury my sugar and goldI want your sex and your affectionwhen they're holdin' you closeCause you don't even knowI can make your hands clapSaid I can make your hands clapEvery night when the stars come outAm I the only living soul aroundNeed to believe you could hold me downCause I'm in need of somethin' good right nowWe could be screamin' till the sun comes outAnd when we wake we'd be the only soundI get on my knees and say a prayerThat I can make your hands clapThat I can make your hands clapTurn it upThat I can make your hands clapMy flesh is searchin' foryour worst and best don't ever denyI'm like a stranger gimme me dangerAll your wrongs and your rightsSecrets on Broadway to the freewayyou're a keeper of crimesFear no conviction grapes of wrathcan only sweeten your wineBut you don't even knowI can make your hands clapSaid I can make your hands clapEvery night when the stars come outAm I the only living soul aroundNeed to believe you could hold me downCause I'm in need of somethin' good right nowWe could be screamin' till the sun comes outAnd when we wake we'd be the only soundI get on my knees and say a prayerThat I can make your hands clapThat I can make your hands clapThat I can make your hands clapThat I can make your hands clapSo can I get a hand clap
45,2017.08.07,Dance,너와 나의 입술이 점점 느껴지는 이 순간 속에 뜨거운 공기 온몸에 전율이 와 이제 너와 내가 써 내릴 Story I don't know why 나도 모르게 더 빠져들어가 숨 막히게 Baby I don't know why 지금 이 순간 멈출 수 없는 기분 No No No No Make me feel so high 미치겠어 날 멈출 순 없어 You make me feel so high I'm so crazy 너가 나를 본 순간 막 끌려 더 날 당겨줘 Baby I'm feelin’ so energetic 오늘 밤 둘이 Out of control Yeah I'm feelin’ so energetic 내 심장이 멈추는 그 순간까지 너를 지켜줄게 사라지지 않게 한 순간의 작은 약속들은 아냐 이젠 말해 내게 Baby You tell me how to feel Uh 1 2 3 & 4 니 옆의 딴 놈들이 거슬려 좀 Who am I 오직 너만을 지키는 킬러 말 그대로 난 좀 죽여줘 Yeah Uh 너를 품에 안고 비상해 걱정은 버려 지하에 뭐를 하든 간에 하나라는 수식어가 맴돌 거야 너와 나의 귓가에 Make me feel so high 미치겠어 날 멈출 순 없어 You make me feel so high I'm so crazy 너가 나를 본 순간 막 끌려 더 날 당겨줘 Baby I'm feelin’ so energetic 오늘 밤 둘이 Out of control Yeah I'm feelin’ so energetic I'm feelin’ good I wanna touch 멈출 수 없는 이 기분은 마치 Freedom I'm feelin’ good I wanna touch baby 어서 내게 와줘 Tonight Yeah Alright Oh Oh Work your body 다가와서 즐길 시간이 Let’s dance 아껴둔 너의 신발이 더러워지더라도 움직여 빨리 Hurry up 질문은 나중에 해딴 남자들은 넘보지 말게누가 봐도 So 쿨하게이제 시작해 You know I mean막 끌려 더 날 당겨줘 BabyI'm feelin’ so energetic너와 단둘이 Out of control YeahI'm feelin’ so energetic
46,2017.12.26,Ballad,익숙하겠지 또다시감기처럼 툭 걸린밀려드는 잿빛에수없이 지나쳐도 여전히참아내야 해지나갈 테니 지나갈 테니잠깐이면 돼지나갈 테니 지나갈 테니지나갈 테니 이미회색 빛 하늘 위엔분명히 더 밝은 빛이먹구름 걷힌 뒤엔눈부시게 빛날 테니You shine like the starsYou light up my heart오늘의 시련 끝엔찬란하게 나를 비춰Dadada Dadada DumDadada Dadada Dum정신 차리고다시 일어나 툴툴 털고더 이상 나에겐 고통은스쳐가는 소나기모두 참아내야 해지나갈 테니 지나갈 테니잠깐이면 돼지나갈 테니 지나갈 테니지나갈 테니 이미회색 빛 하늘 위엔분명히 더 밝은 빛이먹구름 걷힌 뒤엔눈부시게 빛날 테니You shine like the starsYou light up my heart오늘의 시련 끝엔찬란하게 나를 비춰이게 끝은 아니겠지더 짙은 날도 있겠지그날의 끝에도 너는이렇게 비춰주겠지눈부신 빛을 가린 먹구름 뒤 해변함없이 넌 나를 비추네 영원해고요한 공기 따뜻한 바람도 함께거기 그대로 있어 항상 같은 자리에Yeah회색 빛 하늘 위엔분명히 더 밝은 빛이먹구름 걷힌 뒤엔눈부시게 빛날 테니You shine like the starsYou light up my heart오늘의 시련 끝엔찬란하게 나를 비춰찬란하게 나를 비춰
47,2017.09.18,Rap / Hip-hop,DOLLAR DOLLAR하루아침에 전부 탕진달려 달려 내가 벌어 내가 사치달려 달려 달려 달려달려 달려난 원해 cruisin' on the bay원해 cruisin' like NEMO돈은 없지만 떠나고 싶어 멀리로난 돈은 없지만 서도풀고 싶어 피로돈 없지만 먹고 싶어 오노 지로열일 해서 번 나의 pay전부 다 내 배에티끌 모아 티끌 탕진잼 다 지불해내버려둬 과소비 해버려도내일 아침 내가 미친놈처럼내 적금을 깨버려도WOO 내일은 없어내 미랜 벌써 저당 잡혔어WOO 내 돈을 더 써친구들 wussupDo you want someDOLLAR DOLLAR하루아침에 전부 탕진달려 달려man i spend it like some partyDOLLAR DOLLAR쥐구멍 볕들 때까지해가 뜰 때까지YOLO YOLO YOLO YOYOLO YOLO YO탕진잼 탕진잼 탕진잼YOLO YOLO YOLO YOWhere my money yah탕진잼 탕진잼 탕진잼YOLO YOLO YOLO YOYOLO YOLO YO탕진잼 탕진잼 탕진잼YOLO YOLO YOLO YOWhere the party yah탕진잼 탕진잼 탕진잼Where my money yahWhere the party yah내 일주일 월화수목 금금금금내 통장은 yah밑 빠진 독이야난 매일같이 물 붓는 중차라리 걍 깨버려걱정만 하기엔 우린 꽤 젊어오늘만은 고민보단 Go해버려쫄면서 아끼다간 똥이 돼버려문대버려DOLLAR DOLLAR하루아침에 전부 탕진달려 달려man i spend it like some partyDOLLAR DOLLAR쥐구멍 볕들 때까지해가 뜰 때까지YOLO YOLO YOLO YOYOLO YOLO YO탕진잼 탕진잼 탕진잼YOLO YOLO YOLO YOWhere my money yah탕진잼 탕진잼 탕진잼YOLO YOLO YOLO YOYOLO YOLO YO탕진잼 탕진잼 탕진잼YOLO YOLO YOLO YOWhere the party yah탕진잼 탕진잼 탕진잼고민보다 Go고민보다 Go고민보다 Go GoEverybody고민보다 Go고민보다 Go고민보다 Go GoEverybody고민보다 Go고민보다 Go고민보다 Go GoEverybody고민보다 Go고민보다 Go고민보다 Go GoEverybody고민보다 Go고민보다 Go고민보다 Go GoEverybody고민보다 Go고민보다 Go고민보다 Go GoEverybody
48,2018.01.25,Rap / Hip-hop,많이 어렸어 지금도 어리지만그땐 많이 어렸어 넌 마음이 여렸어철없었던 내가 너란예쁜 꽃을 꺾었어욕심이 많았거든결국엔 시들어 버렸어넌 기다리고 기다렸지 나의 진심을진심을 준다고 줬지만진심이 뭔지를 모르던 그때가후회가 되지만 이거 하나 말할게그마저 사랑이었음을눈물이 흘러 니 아픔을 이해할 때면니 이름 불러 세상 속에 작아질 때면말없이 곁에 함께해 준 시간들이제 와서야 가슴 한 켠에 사무쳐내가 나쁜 놈 할게넌 좋은 여자니까 ye ye내가 나쁜 놈 할게넌 착한 여자니까쓰레기 같은 성격도보잘것없는 모습도 니가다 받아줬으니까 ye ye내가 할 말이 없네내가 없어야 니가 정신을 차리지정신 차리고 보니 내 옆엔 넌 없었어니 입버릇에 콧방귀 뀌며널 당연히 여겨처음부터 우린 나 하나밖엔 몰라서설렘이 익숙해질 때사랑을 정으로 알고정보단 우정이 내게는 중요할 때쯤헤어지기를 원했던 내가이 노래 조차에서도너에 관한 얘길 해니가 듣길 바랄 뿐눈물이 흘러 니 아픔을 이해할 때면니 이름 불러 세상 속에 작아질 때면말없이 곁에 함께 준 시간들이제 와서야 가슴 한 켠에 사무쳐내가 나쁜 놈 할게넌 좋은 여자니까 ye ye내가 나쁜 놈 할게넌 착한 여자니까쓰레기 같은 성격도보잘것없는 모습도 니가다 받아 줬으니까 ye ye내가 할 말이 없네사랑에 서툴렀던 사람들 say ya이별에 어려웠던 사람들 say ya사랑에 서툴렀던 사람들 say ya이별에 어려웠던 사람들 say ya내가 나쁜 놈 할게넌 좋은 여자니까 ye ye내가 나쁜 놈 할게넌 착한 여자니까쓰레기 같은 성격도보잘 것 없는 모습도 니가다 받아줬으니까 ye ye내가 할 말이 없네
49,2018.01.25,Rap / Hip-hop,Uh Baby yo so beautiful uh 느낌적인 느낌 있어 uh Give me your girl Give me your love Baby yo so beautiful oh Baby yo so wonderful uh 아름다운 저 하늘 위로 오늘 밤 데려가 줄게 uh Baby yo so wonderful oh Baby yo so beautiful i love it 로맨틱한 느낌에 낭만적인 이 분위기에 취한 너와 나 함께 걸을 때면 레드카펫이 돼 버리는 거리 Wow 꿈처럼 황홀한 밤 살아있음을 느껴 Don't kill my vibe 세상 모든 별을 너의 눈에 담은 듯해 사랑하는 그대여 take my hand 넌 천사야 어서 날개를 펴 난 두 눈이 멀어 모든 게 내겐 순수한 첫 경험 모든 게 너무 완벽해 보면 볼수록 감격해 까만 눈동자 속에 빠지고 싶어 그대여 넌 내 오감을 자극해 공기 마저도 야릇해 사람이 아닌 듯해 오 나의 아프로디테여 I’m feeling so good 너무 아름다운 너의 두 눈을 바라볼 때면 세상을 가진 기분 Dancing under the moon Oh 나 꿈을 꾸는 듯해 Let me tell you something 넌 나의 오감을 지배해 Baby 난 너의 노예 네 모습은 마릴린 너의 목소린 여름의 노래 너는 향수 같아 red wine 입술 마시다가 취해 죽게 Come surf me baby 밤바람 같은 숨결 느껴 널 흔들어 oh girl 터져대는 감성 부 부 불꽃놀이 같아 춤을 추는 네 뒤태 난 빠져가고 좀 더 깊게 잠수하게 해줘 모든 게 너무 완벽해 보면 볼수록 감격해 까만 눈동자 속에 빠지고 싶어 그대여 넌 내 오감을 자극해 공기 마저도 야릇해 사람이 아닌 듯해 오 나의 아프로디테여 I’m feeling so good 너무 아름다운 너의 두 눈을 바라볼 때면 세상을 가진 기분 Dancing under the moon Oh 나 꿈을 꾸는 듯해 그대 물처럼 내게 밀려와요 나 잠겨 죽어도 좋으니 이 순간이 꿈처럼 잠시뿐이라도지금의 나를 잊지 말아요I’m feeling so good너무 아름다운 너의두 눈을 바라볼 때면세상을 가진 기분Dancing under the moonOh 나 꿈을 꾸는 듯해Baby yo so beautiful uh느낌적인 느낌 있어 uhGive me your girlGive me your love바라볼 때면Baby yo so wonderful uh아름다운 저 하늘 위로오늘 밤 데려가 줄게나 꿈을 꾸는 듯해
